[
  {
    "value": "ayam pop",
    "synonyms": [
      "tambah ayam pop"
    ]
  },
  {
    "value": "nangka",
    "synonyms": [
      "tambah nangka"
    ]
  },
  {
    "value": "rendang",
    "synonyms": [
      "tambah rendang",
      "tambahan rendang"
    ]
  },
  {
    "value": "sambal",
    "synonyms": [
      "tambahan sambal"
    ]
  },
  {
    "value": "telur balado",
    "synonyms": [
      "tambah telur balado"
    ]
  },
  {
    "value": "telur dadar",
    "synonyms": [
      "tambah telur dadar"
    ]
  }
]