[
  {
    "value": "Telur dadar",
    "synonyms": [
      "Telur dadar",
      "telur goreng",
      "telur goreng dadar"
    ]
  },
  {
    "value": "ayam",
    "synonyms": [
      "ayam",
      "ayam pop"
    ]
  },
  {
    "value": "ayam pop dan rendang",
    "synonyms": [
      "ayam pop dan rendang"
    ]
  },
  {
    "value": "kalio",
    "synonyms": [
      "kalio"
    ]
  },
  {
    "value": "perkedel",
    "synonyms": [
      "pekedel",
      "perkedel",
      "perkedel kentang"
    ]
  },
  {
    "value": "redang dan telur dadar",
    "synonyms": [
      "redang dan telur dadar"
    ]
  },
  {
    "value": "rendang",
    "synonyms": [
      "daging rendang",
      "rendang"
    ]
  },
  {
    "value": "telur balado",
    "synonyms": [
      "telur balado",
      "telur rebus balado"
    ]
  }
]