[
  {
    "value": "Bangka",
    "synonyms": [
      "Bangka"
    ]
  },
  {
    "value": "Bintaro",
    "synonyms": [
      "Bintaro"
    ]
  },
  {
    "value": "Bukit Duri",
    "synonyms": [
      "Bukit Duri"
    ]
  },
  {
    "value": "Ciganjur",
    "synonyms": [
      "Ciganjur"
    ]
  },
  {
    "value": "Cikoko",
    "synonyms": [
      "Cikoko"
    ]
  },
  {
    "value": "Cilandak",
    "synonyms": [
      "Cilandak"
    ]
  },
  {
    "value": "Cilandak Barat",
    "synonyms": [
      "Cilandak Barat"
    ]
  },
  {
    "value": "Cilandak Timur",
    "synonyms": [
      "Cilandak Timur"
    ]
  },
  {
    "value": "Cipedak",
    "synonyms": [
      "Cipedak"
    ]
  },
  {
    "value": "Cipete Selatan",
    "synonyms": [
      "Cipete Selatan"
    ]
  },
  {
    "value": "Cipete Utara",
    "synonyms": [
      "Cipete Utara"
    ]
  },
  {
    "value": "Cipulir",
    "synonyms": [
      "Cipulir"
    ]
  },
  {
    "value": "Duren Tiga",
    "synonyms": [
      "Duren Tiga"
    ]
  },
  {
    "value": "Gandaria Selatan",
    "synonyms": [
      "Gandaria Selatan"
    ]
  },
  {
    "value": "Gandaria Utara",
    "synonyms": [
      "Gandaria Utara"
    ]
  },
  {
    "value": "Grogol Selatan",
    "synonyms": [
      "Grogol Selatan"
    ]
  },
  {
    "value": "Grogol Utara",
    "synonyms": [
      "Grogol Utara"
    ]
  },
  {
    "value": "Guntur",
    "synonyms": [
      "Guntur"
    ]
  },
  {
    "value": "Gunung",
    "synonyms": [
      "Gunung"
    ]
  },
  {
    "value": "Jagakarsa",
    "synonyms": [
      "Jagakarsa"
    ]
  },
  {
    "value": "Jati Padang",
    "synonyms": [
      "Jati Padang"
    ]
  },
  {
    "value": "Kalibata",
    "synonyms": [
      "Kalibata"
    ]
  },
  {
    "value": "Karet",
    "synonyms": [
      "Karet"
    ]
  },
  {
    "value": "Karet Kuningan",
    "synonyms": [
      "Karet Kuningan"
    ]
  },
  {
    "value": "Karet Semanggi",
    "synonyms": [
      "Karet Semanggi"
    ]
  },
  {
    "value": "Kebagusan",
    "synonyms": [
      "Kebagusan"
    ]
  },
  {
    "value": "Kebayoran Baru",
    "synonyms": [
      "Kebayoran Baru"
    ]
  },
  {
    "value": "Kebayoran Lama",
    "synonyms": [
      "Kebayoran Lama"
    ]
  },
  {
    "value": "Kebayoran Lama Selatan",
    "synonyms": [
      "Kebayoran Lama Selatan"
    ]
  },
  {
    "value": "Kebayoran Lama Utara",
    "synonyms": [
      "Kebayoran Lama Utara"
    ]
  },
  {
    "value": "Kebon Baru",
    "synonyms": [
      "Kebon Baru"
    ]
  },
  {
    "value": "Kramat Pela",
    "synonyms": [
      "Kramat Pela"
    ]
  },
  {
    "value": "Kuningan Barat",
    "synonyms": [
      "Kuningan Barat"
    ]
  },
  {
    "value": "Kuningan Timur",
    "synonyms": [
      "Kuningan Timur"
    ]
  },
  {
    "value": "Lebak Bulus",
    "synonyms": [
      "Lebak Bulus"
    ]
  },
  {
    "value": "Lenteng Agung",
    "synonyms": [
      "Lenteng Agung"
    ]
  },
  {
    "value": "Mampang Prapatan",
    "synonyms": [
      "Mampang Prapatan"
    ]
  },
  {
    "value": "Manggarai",
    "synonyms": [
      "Manggarai"
    ]
  },
  {
    "value": "Manggarai Selatan",
    "synonyms": [
      "Manggarai Selatan"
    ]
  },
  {
    "value": "Melawai",
    "synonyms": [
      "Melawai"
    ]
  },
  {
    "value": "Menteng Atas",
    "synonyms": [
      "Menteng Atas"
    ]
  },
  {
    "value": "Menteng Dalam",
    "synonyms": [
      "Menteng Dalam"
    ]
  },
  {
    "value": "Pancoran",
    "synonyms": [
      "Pancoran"
    ]
  },
  {
    "value": "Pasar Manggis",
    "synonyms": [
      "Pasar Manggis"
    ]
  },
  {
    "value": "Pasar Minggu",
    "synonyms": [
      "Pasar Minggu"
    ]
  },
  {
    "value": "Pejaten Barat",
    "synonyms": [
      "Pejaten Barat"
    ]
  },
  {
    "value": "Pejaten Timur",
    "synonyms": [
      "Pejaten Timur"
    ]
  },
  {
    "value": "Pela Mampang",
    "synonyms": [
      "Pela Mampang"
    ]
  },
  {
    "value": "Pengadegan",
    "synonyms": [
      "Pengadegan"
    ]
  },
  {
    "value": "Pesanggrahan",
    "synonyms": [
      "Pesanggrahan"
    ]
  },
  {
    "value": "Petogogan",
    "synonyms": [
      "Petogogan"
    ]
  },
  {
    "value": "Petukangan Selatan",
    "synonyms": [
      "Petukangan Selatan"
    ]
  },
  {
    "value": "Petukangan Utara",
    "synonyms": [
      "Petukangan Utara"
    ]
  },
  {
    "value": "Pondok Labu",
    "synonyms": [
      "Pondok Labu"
    ]
  },
  {
    "value": "Pondok Pinang",
    "synonyms": [
      "Pondok Pinang"
    ]
  },
  {
    "value": "Pulo",
    "synonyms": [
      "Pulo"
    ]
  },
  {
    "value": "Ragunan",
    "synonyms": [
      "Ragunan"
    ]
  },
  {
    "value": "Rawa Barat",
    "synonyms": [
      "Rawa Barat"
    ]
  },
  {
    "value": "Rawajati",
    "synonyms": [
      "Rawajati"
    ]
  },
  {
    "value": "Selong",
    "synonyms": [
      "Selong"
    ]
  },
  {
    "value": "Senayan",
    "synonyms": [
      "Senayan"
    ]
  },
  {
    "value": "Setiabudi",
    "synonyms": [
      "Setiabudi"
    ]
  },
  {
    "value": "Srengseng Sawah",
    "synonyms": [
      "Srengseng Sawah"
    ]
  },
  {
    "value": "Tanjung Barat",
    "synonyms": [
      "Tanjung Barat"
    ]
  },
  {
    "value": "Tebet",
    "synonyms": [
      "Tebet"
    ]
  },
  {
    "value": "Tegal Parang",
    "synonyms": [
      "Tegal Parang"
    ]
  },
  {
    "value": "Ulujami",
    "synonyms": [
      "Ulujami"
    ]
  }
]