[
  {
    "id": "bdb28001-fcc1-4c7e-bf6a-68e6f0f7a6d9",
    "data": [
      {
        "text": "gue mau pesen makan dong",
        "userDefined": false
      }
    ],
    "isTemplate": false,
    "count": 0
  },
  {
    "id": "79a051a8-3155-4fd6-bf1c-7f71e0120cc0",
    "data": [
      {
        "text": "saya mau beli nasi padang pakai ",
        "userDefined": false
      },
      {
        "text": "rendang",
        "alias": "jenislauk",
        "meta": "@jenislauk",
        "userDefined": false
      }
    ],
    "isTemplate": false,
    "count": 0
  },
  {
    "id": "7ecce2ca-290a-4a13-949e-47f8ec4fd085",
    "data": [
      {
        "text": "saya mau mesan makanan",
        "userDefined": false
      }
    ],
    "isTemplate": false,
    "count": 0
  },
  {
    "id": "5733d278-fe9c-4b4e-99eb-51b4a47dce0f",
    "data": [
      {
        "text": "saya mau beli makanan",
        "userDefined": false
      }
    ],
    "isTemplate": false,
    "count": 0
  },
  {
    "id": "037297cd-00e6-4c73-a3d1-0c29843eb0cf",
    "data": [
      {
        "text": "saya mau pesan makana",
        "userDefined": false
      }
    ],
    "isTemplate": false,
    "count": 0
  },
  {
    "id": "c4dd76af-52a9-4cba-b760-8e2e80473cc2",
    "data": [
      {
        "text": "beli nasi padang",
        "userDefined": false
      }
    ],
    "isTemplate": false,
    "count": 0
  },
  {
    "id": "af0b0855-766a-47c0-8889-18f654a3aa49",
    "data": [
      {
        "text": "saya mau beli nasi padang",
        "userDefined": false
      }
    ],
    "isTemplate": false,
    "count": 0
  },
  {
    "id": "61fd2dd7-8ced-41cb-8ed5-accc3acd4a9a",
    "data": [
      {
        "text": "gw mau beli makan",
        "userDefined": false
      }
    ],
    "isTemplate": false,
    "count": 0
  },
  {
    "id": "9bda84dd-d70d-4570-8e1a-e1249aa60aa8",
    "data": [
      {
        "text": "gue mau beli masakan padang",
        "userDefined": false
      }
    ],
    "isTemplate": false,
    "count": 0
  },
  {
    "id": "1811a192-acdf-4037-ac8d-772dba9a725c",
    "data": [
      {
        "text": "sama mau masakan padang",
        "userDefined": false
      }
    ],
    "isTemplate": false,
    "count": 0
  },
  {
    "id": "8f41c586-7eff-40a6-983c-a4d8caa491ae",
    "data": [
      {
        "text": "saya mau beli  makanan",
        "userDefined": false
      }
    ],
    "isTemplate": false,
    "count": 0
  }
]