[
  {
    "id": "92122ca0-1be4-4e3a-bbd8-563ddc3d433d",
    "data": [
      {
        "text": "hello",
        "userDefined": false
      }
    ],
    "isTemplate": false,
    "count": 0
  },
  {
    "id": "a33bfebd-e72c-4663-a9bd-3470aba6b7a3",
    "data": [
      {
        "text": "helo",
        "userDefined": false
      }
    ],
    "isTemplate": false,
    "count": 0
  },
  {
    "id": "ce5cc9f1-cfa2-477e-aac8-05d221a5b5ae",
    "data": [
      {
        "text": "hallo",
        "userDefined": false
      }
    ],
    "isTemplate": false,
    "count": 0
  },
  {
    "id": "70f7f052-3899-4931-8aa4-badf808cec09",
    "data": [
      {
        "text": "hi",
        "meta": "@sys.ignore",
        "userDefined": false
      }
    ],
    "isTemplate": false,
    "count": 0
  },
  {
    "id": "eb29d830-4040-4af8-9af9-ed04b83f2fa0",
    "data": [
      {
        "text": "halo yang di sana",
        "userDefined": false
      }
    ],
    "isTemplate": false,
    "count": 0,
    "updated": 0
  },
  {
    "id": "cc3b9bbb-fd89-4797-981c-8e9533e9ac2e",
    "data": [
      {
        "text": "halo",
        "userDefined": false
      }
    ],
    "isTemplate": false,
    "count": 0,
    "updated": 0
  },
  {
    "id": "58d3da67-d717-44ee-ab62-6a2d3f95bde2",
    "data": [
      {
        "text": "hai",
        "userDefined": false
      }
    ],
    "isTemplate": false,
    "count": 0,
    "updated": 0
  },
  {
    "id": "7796c434-91fe-4f28-a13f-3ba2c48683e7",
    "data": [
      {
        "text": "salam",
        "userDefined": false
      }
    ],
    "isTemplate": false,
    "count": 0,
    "updated": 0
  },
  {
    "id": "aaa2ab72-a8f0-4367-a96e-111a0bd2a84c",
    "data": [
      {
        "text": "halo halo",
        "userDefined": false
      }
    ],
    "isTemplate": false,
    "count": 0,
    "updated": 0
  },
  {
    "id": "35afbf0a-3c74-41ff-84a1-420e6066008c",
    "data": [
      {
        "text": "lama nggak ketemu",
        "userDefined": false
      }
    ],
    "isTemplate": false,
    "count": 0,
    "updated": 0
  },
  {
    "id": "3c909658-490c-4596-b436-b9043c1591d8",
    "data": [
      {
        "text": "hai hai",
        "userDefined": false
      }
    ],
    "isTemplate": false,
    "count": 0,
    "updated": 0
  },
  {
    "id": "0ee16271-1f4e-46eb-858e-df7ee2ac8e5e",
    "data": [
      {
        "text": "halo apa kabar",
        "userDefined": false
      }
    ],
    "isTemplate": false,
    "count": 0,
    "updated": 0
  },
  {
    "id": "82459e6d-972c-4f71-90cc-32f7a5866710",
    "data": [
      {
        "text": "assalamualaikum",
        "userDefined": false
      }
    ],
    "isTemplate": false,
    "count": 0,
    "updated": 0
  },
  {
    "id": "a1196e0e-85e9-45e3-9e43-63463d78c231",
    "data": [
      {
        "text": "hai apa kabarnya",
        "userDefined": false
      }
    ],
    "isTemplate": false,
    "count": 0,
    "updated": 0
  }
]