[
  {
    "id": "17f2536a-a777-44d9-8262-1ba1991c0776",
    "data": [
      {
        "text": "saya mau ",
        "userDefined": false
      },
      {
        "text": "tambah rendang",
        "alias": "extralauk",
        "meta": "@extralauk",
        "userDefined": false
      }
    ],
    "isTemplate": false,
    "count": 0
  },
  {
    "id": "cc4b6839-aacb-4d11-bbde-c82114f2a620",
    "data": [
      {
        "text": "saya mau ",
        "userDefined": false
      },
      {
        "text": "tambah telur dadar",
        "alias": "extralauk",
        "meta": "@extralauk",
        "userDefined": true
      }
    ],
    "isTemplate": false,
    "count": 0
  },
  {
    "id": "da3d1687-6528-4a6e-8ed1-7d2cc63ce672",
    "data": [
      {
        "text": "saya mau ",
        "userDefined": false
      },
      {
        "text": "tambah sambal",
        "alias": "extralauk",
        "meta": "@extralauk",
        "userDefined": true
      }
    ],
    "isTemplate": false,
    "count": 0
  }
]