[
  {
    "id": "92f9e007-5400-4499-a4aa-7a43fd977633",
    "data": [
      {
        "text": "deliveri makanan pake ",
        "userDefined": false
      },
      {
        "text": "telor dadar",
        "alias": "jenislauk",
        "meta": "@jenislauk",
        "userDefined": true
      },
      {
        "text": " ke ",
        "userDefined": false
      },
      {
        "text": "pancoran",
        "alias": "lokasisupport",
        "meta": "@lokasisupport",
        "userDefined": false
      }
    ],
    "isTemplate": false,
    "count": 0
  },
  {
    "id": "7cb45bea-0825-4a80-af5b-62d54e9658e5",
    "data": [
      {
        "text": "saya mau deliveri makanan",
        "userDefined": false
      }
    ],
    "isTemplate": false,
    "count": 0
  },
  {
    "id": "fff80679-fa94-4b03-aa94-baab29b67baa",
    "data": [
      {
        "text": "deliveri makanan",
        "userDefined": false
      }
    ],
    "isTemplate": false,
    "count": 0
  },
  {
    "id": "382e4ae1-9bbf-406d-b942-ba19297c2f90",
    "data": [
      {
        "text": "saya mau pesen nasi padang pake ",
        "userDefined": false
      },
      {
        "text": "rendang",
        "alias": "jenislauk",
        "meta": "@jenislauk",
        "userDefined": false
      }
    ],
    "isTemplate": false,
    "count": 0
  },
  {
    "id": "06f7de5b-6193-462c-9bbc-17bd573a2f59",
    "data": [
      {
        "text": "pesen makanan ke ",
        "userDefined": false
      },
      {
        "text": "mampang prapatan",
        "alias": "lokasisupport",
        "meta": "@lokasisupport",
        "userDefined": false
      }
    ],
    "isTemplate": false,
    "count": 0
  },
  {
    "id": "d80fc067-9a72-46ee-8788-cb32a690bd12",
    "data": [
      {
        "text": "saya mau kirim makanan ke ",
        "userDefined": false
      },
      {
        "text": "tebet",
        "alias": "lokasisupport",
        "meta": "@lokasisupport",
        "userDefined": true
      }
    ],
    "isTemplate": false,
    "count": 0
  },
  {
    "id": "47827384-ad50-4ff9-b847-271aad451f72",
    "data": [
      {
        "text": "saya mau delivery makanan ke telkomsel ",
        "userDefined": false
      },
      {
        "text": "kuningan",
        "alias": "lokasisupport",
        "meta": "@lokasisupport",
        "userDefined": true
      }
    ],
    "isTemplate": false,
    "count": 0
  },
  {
    "id": "b32b7698-8de4-45bf-9fe5-d6397d2cdda9",
    "data": [
      {
        "text": "saya mau kirim ke ",
        "userDefined": false
      },
      {
        "text": "tegal parang",
        "alias": "lokasisupport",
        "meta": "@lokasisupport",
        "userDefined": true
      }
    ],
    "isTemplate": false,
    "count": 0
  },
  {
    "id": "6756c649-1774-4503-ae64-809b7b9ef16a",
    "data": [
      {
        "text": "saya mau kirim ke ",
        "userDefined": false
      },
      {
        "text": "mampang prapatan",
        "alias": "lokasisupport",
        "meta": "@lokasisupport",
        "userDefined": true
      },
      {
        "text": " ",
        "userDefined": false
      },
      {
        "text": "jaksel",
        "meta": "@sys.ignore",
        "userDefined": true
      }
    ],
    "isTemplate": false,
    "count": 0
  },
  {
    "id": "8a81f4ba-3aa5-4527-9153-2af84b12a18d",
    "data": [
      {
        "text": "saya mau makan di tempat saya",
        "userDefined": false
      }
    ],
    "isTemplate": false,
    "count": 0
  },
  {
    "id": "29b9833b-127f-4995-9048-eecb1884a747",
    "data": [
      {
        "text": "saya mau makan di lokasi saya",
        "userDefined": false
      }
    ],
    "isTemplate": false,
    "count": 0
  },
  {
    "id": "0e8da2d7-f41c-4070-8581-fc1abb1ec23f",
    "data": [
      {
        "text": "saya mau kirim ke lokasi",
        "userDefined": false
      }
    ],
    "isTemplate": false,
    "count": 0
  },
  {
    "id": "b2e776e6-9ebd-46d4-9ced-2bc6850396a1",
    "data": [
      {
        "text": "kirim ke lokasi",
        "userDefined": false
      }
    ],
    "isTemplate": false,
    "count": 0
  }
]