[
  {
    "id": "60bcfa9a-2282-427d-b2ac-b830b66653cc",
    "data": [
      {
        "text": "sudah itu aja pesanan saya",
        "userDefined": false
      }
    ],
    "isTemplate": false,
    "count": 0
  },
  {
    "id": "bad3068a-f354-4bb7-88bc-6f42d28df66b",
    "data": [
      {
        "text": "oke lanjut",
        "userDefined": false
      }
    ],
    "isTemplate": false,
    "count": 0
  },
  {
    "id": "c18ddb1f-09f9-4758-9a57-e56994ec7eda",
    "data": [
      {
        "text": "iya",
        "userDefined": false
      }
    ],
    "isTemplate": false,
    "count": 0
  },
  {
    "id": "08525546-f74f-485a-af12-81270c112722",
    "data": [
      {
        "text": "pastinya",
        "userDefined": false
      }
    ],
    "isTemplate": false,
    "count": 0
  },
  {
    "id": "237f2fc2-c8fc-4d7e-b6f6-a07dce6a417f",
    "data": [
      {
        "text": "saya tidak keberatan",
        "userDefined": false
      }
    ],
    "isTemplate": false,
    "count": 0
  },
  {
    "id": "895f1931-7eef-4120-a65a-22109f40d171",
    "data": [
      {
        "text": "oke",
        "userDefined": false
      }
    ],
    "isTemplate": false,
    "count": 0
  },
  {
    "id": "6d093c6b-ea0a-4fee-92d9-ef1099e5ef76",
    "data": [
      {
        "text": "kedengarannya bagus",
        "userDefined": false
      }
    ],
    "isTemplate": false,
    "count": 0
  },
  {
    "id": "d119d642-1b60-43ab-b6fb-02b0bdcb8c26",
    "data": [
      {
        "text": "benar",
        "userDefined": false
      }
    ],
    "isTemplate": false,
    "count": 0
  },
  {
    "id": "40372caf-636b-43d2-94cd-ef19be3f5fcb",
    "data": [
      {
        "text": "setuju",
        "userDefined": false
      }
    ],
    "isTemplate": false,
    "count": 0
  },
  {
    "id": "eeed9764-c4bc-4a29-8578-0d138f9c0c05",
    "data": [
      {
        "text": "saya setuju",
        "userDefined": false
      }
    ],
    "isTemplate": false,
    "count": 0
  },
  {
    "id": "791256f9-7287-4426-b5b1-8c2bc8373752",
    "data": [
      {
        "text": "ya",
        "userDefined": false
      }
    ],
    "isTemplate": false,
    "count": 0
  }
]