[
  {
    "id": "c7c259cc-ac6e-492e-ac55-3f989127c498",
    "data": [
      {
        "text": "tidak ada",
        "userDefined": false
      }
    ],
    "isTemplate": false,
    "count": 0
  },
  {
    "id": "a57bfcef-8243-4c17-ae46-6a89b871a50b",
    "data": [
      {
        "text": "udah itu aja ",
        "userDefined": false
      },
      {
        "text": "min",
        "meta": "@sys.ignore",
        "userDefined": false
      }
    ],
    "isTemplate": false,
    "count": 0
  },
  {
    "id": "0107854c-3690-415c-b512-a59581b9e943",
    "data": [
      {
        "text": "saya nggak mau",
        "userDefined": false
      }
    ],
    "isTemplate": false,
    "count": 0
  },
  {
    "id": "531fc5ee-c49c-47a4-b3cf-3f6982cd6c97",
    "data": [
      {
        "text": "sama sekali tidak",
        "userDefined": false
      }
    ],
    "isTemplate": false,
    "count": 0
  },
  {
    "id": "a1af751c-2041-44ea-98d9-9304e3f6c24e",
    "data": [
      {
        "text": "jangan lakukan",
        "userDefined": false
      }
    ],
    "isTemplate": false,
    "count": 0
  },
  {
    "id": "a428faab-ec41-44df-9d72-3dd36e04adef",
    "data": [
      {
        "text": "tidak juga",
        "userDefined": false
      }
    ],
    "isTemplate": false,
    "count": 0
  },
  {
    "id": "479d337c-1445-42c2-be3a-79719bc391b4",
    "data": [
      {
        "text": "tidak terima kasih",
        "userDefined": false
      }
    ],
    "isTemplate": false,
    "count": 0
  },
  {
    "id": "03ab6461-11ba-44de-8340-77dc7b36169b",
    "data": [
      {
        "text": "tidak",
        "userDefined": false
      }
    ],
    "isTemplate": false,
    "count": 0
  },
  {
    "id": "e63fe3b4-b328-42cc-ad66-385fcd73b85e",
    "data": [
      {
        "text": "tidak mau",
        "userDefined": false
      }
    ],
    "isTemplate": false,
    "count": 0
  },
  {
    "id": "635e0d73-10d9-4918-aea3-45d03bdf7005",
    "data": [
      {
        "text": "saya tidak setuju",
        "userDefined": false
      }
    ],
    "isTemplate": false,
    "count": 0
  },
  {
    "id": "51c7917e-7ebc-467d-a514-90cdde221148",
    "data": [
      {
        "text": "tidak tertarik",
        "userDefined": true
      }
    ],
    "isTemplate": false,
    "count": 0
  }
]