[
  {
    "id": "0fc95a47-78bf-4b03-afab-59fe925ce164",
    "data": [
      {
        "text": "saya nggak mau",
        "userDefined": true
      }
    ],
    "isTemplate": false,
    "count": 0
  },
  {
    "id": "092fb4f7-356b-4e23-bdec-ceb1901bc420",
    "data": [
      {
        "text": "sama sekali tidak",
        "userDefined": true
      }
    ],
    "isTemplate": false,
    "count": 0
  },
  {
    "id": "928fa27e-3c31-4009-8e5a-8af334462c8b",
    "data": [
      {
        "text": "jangan lakukan",
        "userDefined": true
      }
    ],
    "isTemplate": false,
    "count": 0
  },
  {
    "id": "ae5a020a-45cf-4a03-bb3d-eda4f1ee251b",
    "data": [
      {
        "text": "tidak juga",
        "userDefined": true
      }
    ],
    "isTemplate": false,
    "count": 0
  },
  {
    "id": "70bd868b-5cb8-4246-81c1-9c3979a98b0a",
    "data": [
      {
        "text": "tidak terima kasih",
        "userDefined": true
      }
    ],
    "isTemplate": false,
    "count": 0
  },
  {
    "id": "3b7060f9-12d8-46af-bd80-60635706ced0",
    "data": [
      {
        "text": "tidak",
        "userDefined": true
      }
    ],
    "isTemplate": false,
    "count": 0
  },
  {
    "id": "3a4bf9d9-8071-4576-96bb-30afcfb4fb9d",
    "data": [
      {
        "text": "tidak mau",
        "userDefined": true
      }
    ],
    "isTemplate": false,
    "count": 0
  },
  {
    "id": "f2a0db4c-5db4-4746-8d59-b7aa1569030f",
    "data": [
      {
        "text": "saya tidak setuju",
        "userDefined": true
      }
    ],
    "isTemplate": false,
    "count": 0
  },
  {
    "id": "ba364b93-a45a-42c8-b4ca-76019342c100",
    "data": [
      {
        "text": "tidak tertarik",
        "userDefined": true
      }
    ],
    "isTemplate": false,
    "count": 0
  }
]