[
  {
    "id": "1cb7184a-2c7e-456f-bc8a-34be0d3ba5a3",
    "data": [
      {
        "text": "saya mau pesen makanan untuk ",
        "userDefined": false
      },
      {
        "text": "30 maret 2020",
        "alias": "date",
        "meta": "@sys.date",
        "userDefined": false
      }
    ],
    "isTemplate": false,
    "count": 0
  },
  {
    "id": "c298bec0-6316-4c7e-b0cf-277a49f5dd2f",
    "data": [
      {
        "text": "saya mau booking meja",
        "userDefined": false
      }
    ],
    "isTemplate": false,
    "count": 0
  },
  {
    "id": "3a6142f5-b319-49cf-a99d-0890981b4a9c",
    "data": [
      {
        "text": "saya mau makan di restaurant",
        "userDefined": false
      }
    ],
    "isTemplate": false,
    "count": 0
  },
  {
    "id": "83ae543b-6f88-4723-b6c2-fc1898accabd",
    "data": [
      {
        "text": "makan di restaurant",
        "userDefined": false
      }
    ],
    "isTemplate": false,
    "count": 0
  },
  {
    "id": "e8b6f762-54c5-4b42-ab01-04c819c652db",
    "data": [
      {
        "text": "gue mau makan di tempat",
        "userDefined": false
      }
    ],
    "isTemplate": false,
    "count": 0
  },
  {
    "id": "67a4cefe-2b01-4ee6-bca0-109b406238c8",
    "data": [
      {
        "text": "saya mau makan di tempat",
        "userDefined": false
      }
    ],
    "isTemplate": false,
    "count": 0
  },
  {
    "id": "154d2c26-0671-4e31-94e3-64a3d17a0f6e",
    "data": [
      {
        "text": "booking meja ",
        "userDefined": false
      },
      {
        "text": "-1",
        "alias": "guests",
        "meta": "@sys.number",
        "userDefined": false
      },
      {
        "text": " untuk ",
        "userDefined": false
      },
      {
        "text": "besok",
        "alias": "date",
        "meta": "@sys.date",
        "userDefined": false
      },
      {
        "text": " ",
        "userDefined": false
      },
      {
        "text": "jam 5 sore",
        "alias": "time",
        "meta": "@sys.time",
        "userDefined": false
      }
    ],
    "isTemplate": false,
    "count": 0
  },
  {
    "id": "1eae31bb-eae2-4cd1-949b-8d14d541d5eb",
    "data": [
      {
        "text": "gue mau reservasi meja ",
        "userDefined": false
      },
      {
        "text": "besok",
        "alias": "date",
        "meta": "@sys.date",
        "userDefined": false
      },
      {
        "text": " ",
        "userDefined": false
      },
      {
        "text": "jam 4 sore",
        "alias": "time",
        "meta": "@sys.time",
        "userDefined": false
      },
      {
        "text": " untuk ",
        "userDefined": false
      },
      {
        "text": "5",
        "alias": "guests",
        "meta": "@sys.number",
        "userDefined": false
      },
      {
        "text": " orang",
        "userDefined": false
      }
    ],
    "isTemplate": false,
    "count": 0
  },
  {
    "id": "120d921e-387c-4fc6-b94c-1d50ef18b503",
    "data": [
      {
        "text": "reservasi meja ",
        "userDefined": false
      },
      {
        "text": "jam 4 sore",
        "alias": "time",
        "meta": "@sys.time",
        "userDefined": false
      },
      {
        "text": " ya",
        "userDefined": false
      }
    ],
    "isTemplate": false,
    "count": 0
  },
  {
    "id": "ed06bcba-dc30-48fa-82a4-b317a95a668c",
    "data": [
      {
        "text": "gue mau booking meja ",
        "userDefined": false
      },
      {
        "text": "jam 9 pagi",
        "alias": "time",
        "meta": "@sys.time",
        "userDefined": false
      }
    ],
    "isTemplate": false,
    "count": 0
  },
  {
    "id": "edc3a499-7799-4855-bd37-04d16054bab1",
    "data": [
      {
        "text": "booking meja untuk ",
        "userDefined": false
      },
      {
        "text": "jam 20:15",
        "alias": "time",
        "meta": "@sys.time",
        "userDefined": false
      }
    ],
    "isTemplate": false,
    "count": 0
  },
  {
    "id": "6f74e1c5-a201-467f-822a-ce23961ca6d3",
    "data": [
      {
        "text": "saya mau booking untuk ",
        "userDefined": false
      },
      {
        "text": "jam 8 malam",
        "alias": "time",
        "meta": "@sys.time",
        "userDefined": true
      },
      {
        "text": " ya",
        "userDefined": false
      }
    ],
    "isTemplate": false,
    "count": 0
  },
  {
    "id": "b52b7fdd-72b2-44c7-b80b-4b87c2a1d83b",
    "data": [
      {
        "text": "saya mau reserve meja buat ",
        "userDefined": false
      },
      {
        "text": "besok",
        "alias": "date",
        "meta": "@sys.date",
        "userDefined": false
      },
      {
        "text": " ya",
        "userDefined": false
      }
    ],
    "isTemplate": false,
    "count": 0
  },
  {
    "id": "d6f07fb5-1d34-4e32-8639-65b10be2c8a5",
    "data": [
      {
        "text": "booking untuk ",
        "userDefined": false
      },
      {
        "text": "besok",
        "alias": "date",
        "meta": "@sys.date",
        "userDefined": false
      }
    ],
    "isTemplate": false,
    "count": 0
  },
  {
    "id": "ed0dc5a8-ffbb-4af5-89cc-604af6f26a92",
    "data": [
      {
        "text": "booking untuk ",
        "userDefined": false
      },
      {
        "text": "5",
        "alias": "guests",
        "meta": "@sys.number",
        "userDefined": false
      },
      {
        "text": " anak",
        "userDefined": false
      }
    ],
    "isTemplate": false,
    "count": 0
  },
  {
    "id": "56862227-d398-4d2b-a91e-05cdfa42df85",
    "data": [
      {
        "text": "gue mau reserve meja buat ",
        "userDefined": false
      },
      {
        "text": "5",
        "alias": "guests",
        "meta": "@sys.number",
        "userDefined": false
      },
      {
        "text": " orang",
        "userDefined": false
      }
    ],
    "isTemplate": false,
    "count": 0
  },
  {
    "id": "bd186ccd-1be1-40f6-9f74-6b265c60b274",
    "data": [
      {
        "text": "booking meja untuk ",
        "userDefined": false
      },
      {
        "text": "2",
        "alias": "guests",
        "meta": "@sys.number",
        "userDefined": false
      },
      {
        "text": " orang",
        "userDefined": false
      }
    ],
    "isTemplate": false,
    "count": 0
  },
  {
    "id": "451ac9a3-34a7-4f67-b0f6-4eb45edf7ce1",
    "data": [
      {
        "text": "cara booking meja",
        "userDefined": false
      }
    ],
    "isTemplate": false,
    "count": 0
  },
  {
    "id": "e4e31541-2573-4e50-bbf4-0378ad8867b0",
    "data": [
      {
        "text": "gue mau booking meja",
        "userDefined": false
      }
    ],
    "isTemplate": false,
    "count": 0
  },
  {
    "id": "543af67d-0d0e-430d-bb98-389189788691",
    "data": [
      {
        "text": "saya mau reservasi meja",
        "userDefined": false
      }
    ],
    "isTemplate": false,
    "count": 0
  }
]